/* Customer Information */
insert into VINODH.CUSTOMER
        (CITY, COUNTRY, ZIP_CODE, STREET, TOWN, FIRST_NAME, LAST_NAME, EMAIL_ADDRESS, USER_NAME, PHONE_NUMBER, CUST_ID) 
    values
        ('Chennai', 'India', '516101', 'Kailash Nagar', 'Shols', 'Vinodh Kumar', 'Thimmisetty', 'vinodh5052@gmail.com', 'vinodh5052', 7894561230, 100);

insert into VINODH.CUSTOMER
        (CITY, COUNTRY, ZIP_CODE, STREET, TOWN, FIRST_NAME, LAST_NAME, EMAIL_ADDRESS, USER_NAME, PHONE_NUMBER, CUST_ID) 
    values
        ('Kadapa', 'India', '516101', 'Railway Kodur', 'Thimmisetty palli', 'Vinodh', 'Thimmisetty', 'vinodh123@gmail.com', 'vinodh123', 7894561230, 101);

/* Parents Information*/   
   
insert into VINODH.PARENTS
   (CUST_ID, FATHER_NAME, FATHER_PHONE, MOTHER_NAME, MOTHER_PHONE)
 Values
   (100, 'father', 12345, 'mother',7230); 
   
insert into VINODH.PARENTS
   (CUST_ID, FATHER_NAME, FATHER_PHONE, MOTHER_NAME, MOTHER_PHONE)
 Values
   (101, 'father1', 167890, 'mother1',71230); 
   
/* Product Information */
   
INSERT INTO VINODH.PRODUCTS
	(PROD_ID,CUST_ID,PROD_NAME,PROD_DESC,REGULAR_PRICE,LAST_UPDATED_TIME) 
	VALUES
	(2000,100,'A','Product A',60, SYSDATE);

INSERT INTO VINODH.PRODUCTS
	(PROD_ID,CUST_ID,PROD_NAME,PROD_DESC,REGULAR_PRICE,LAST_UPDATED_TIME) 
	VALUES
	(2010,100,'B','Product B',30, SYSDATE);

INSERT INTO VINODH.PRODUCTS
	(PROD_ID,CUST_ID,PROD_NAME,PROD_DESC,REGULAR_PRICE,LAST_UPDATED_TIME) 
	VALUES
	(2020,100,'C','Product C',40, SYSDATE);

INSERT INTO VINODH.PRODUCTS
	(PROD_ID,CUST_ID,PROD_NAME,PROD_DESC,REGULAR_PRICE,LAST_UPDATED_TIME) 
	VALUES
	(2030,101,'D','Product D',50, SYSDATE);

INSERT INTO VINODH.PRODUCTS
	(PROD_ID,CUST_ID,PROD_NAME,PROD_DESC,REGULAR_PRICE,LAST_UPDATED_TIME) 
	VALUES
	(2040,101,'E','Product E',70, SYSDATE);
 
/* Order Information */
	
INSERT INTO VINODH.ORDERS
	(ORDER_ID,CUST_ID,TOTAL_PRICE,ORDER_DESC,ORDER_DATE,LAST_UPDATED_TIME) 
	VALUES
	(111,100,100,'Internet and phone',SYSDATE,SYSDATE);

INSERT INTO VINODH.ORDERS
	(ORDER_ID,CUST_ID,TOTAL_PRICE,ORDER_DESC,ORDER_DATE,LAST_UPDATED_TIME) 
	VALUES
	(222,100,15,'Cable at discounted price',SYSDATE,SYSDATE);

INSERT INTO VINODH.ORDERS
	(ORDER_ID,CUST_ID,TOTAL_PRICE,ORDER_DESC,ORDER_DATE,LAST_UPDATED_TIME) 
	VALUES
	(333,101,99,'3 in one offer',SYSDATE,SYSDATE);


	
 /* Order Invoice Information */	
	
INSERT INTO VINODH.ORDER_INVOICE
	(INVOICE_ID,ORDER_ID,DATE_RAISED,AMOUNT_DUE,DATE_SETTLED,DATE_CANCELLED,LAST_UPDATED_TIME) 
	VALUES
	(1,111,SYSDATE,100,SYSDATE,null,SYSDATE);

INSERT INTO VINODH.ORDER_INVOICE
	(INVOICE_ID,ORDER_ID,DATE_RAISED,AMOUNT_DUE,DATE_SETTLED,DATE_CANCELLED,LAST_UPDATED_TIME) 
	VALUES
	(2,222,SYSDATE,15,SYSDATE,SYSDATE,SYSDATE);

INSERT INTO VINODH.ORDER_INVOICE
	(INVOICE_ID,ORDER_ID,DATE_RAISED,AMOUNT_DUE,DATE_SETTLED,DATE_CANCELLED,LAST_UPDATED_TIME) 
	VALUES
	(3,333,SYSDATE,99,SYSDATE,null,SYSDATE);
	
	
 
/* ORDER_DETAIL Information */
	
INSERT INTO VINODH.ORDER_DETAIL
	(ORDER_ID,PROD_ID,PRICE,LAST_UPDATED_TIME) 
	VALUES
	(111,2000,60,SYSDATE);

INSERT INTO VINODH.ORDER_DETAIL
	(ORDER_ID,PROD_ID,PRICE,LAST_UPDATED_TIME) 
	VALUES
	(111,2020,40,SYSDATE);

INSERT INTO VINODH.ORDER_DETAIL
	(ORDER_ID,PROD_ID,PRICE,LAST_UPDATED_TIME) 
	VALUES
	(222,2010,15,SYSDATE);

INSERT INTO VINODH.ORDER_DETAIL
	(ORDER_ID,PROD_ID,PRICE,LAST_UPDATED_TIME) 
	VALUES
	(333,2000,33,SYSDATE);

INSERT INTO VINODH.ORDER_DETAIL
	(ORDER_ID,PROD_ID,PRICE,LAST_UPDATED_TIME) 
	VALUES
	(333,2010,33,SYSDATE);

INSERT INTO VINODH.ORDER_DETAIL
	(ORDER_ID,PROD_ID,PRICE,LAST_UPDATED_TIME) 
	VALUES
	(333,2020,33,SYSDATE);


	
   